﻿<?xml version="1.0" encoding="UTF-8" standalone="yes"?>
<addon id="plugin.program.killchrome" name="kill Chrome" version="1.0.0" provider-name="Kurt">
    <requires>
		<import addon="xbmc.python" version="2.14.0"/>
	</requires>
	<extension point="xbmc.python.pluginsource" library="addon.py">
		<provides>executable</provides>
	</extension>
	<extension point="xbmc.addon.metadata">
		<platform>all</platform>
		<summary lang="en">Kills all active Chrome windows</summary>
		<description lang="en">Example Plugin to show hello world and kill all chrome instances. you must have xdotool installed for this to work.</description>
		<license>GNU General Public License, v2</license>
		<language></language>
		<forum>http://forum.kodi.tv/showthread.php?tid=209948</forum>
		<source>https://github.com/zag2me/plugin.program.hello.world</source>
		<email>zag@kodi.org</email>
	</extension>
</addon>
